segment_id,processing_day,icao24,segment_start_time,segment_end_time,gap_duration_minutes,adsc_point_count,segment_callsign,flight_callsign,flight_start_time,flight_end_time,estdepartureairport,estarrivalairport,is_valid,reasons,before_count,during_count,after_count,before_boundary_speed_kts,after_boundary_speed_kts,max_internal_speed_kts,median_internal_speed_kts,artifact_dir,adsc_path,adsb_before_path,adsb_after_path,stitched_minimal_path,metadata_path
20250114_a17a8f_235026_005946,2025-01-14,a17a8f,2025-01-14 23:50:26,2025-01-15 00:59:46,69.33333333333333,3,,TFF966,2025-01-14 20:12:23,2025-01-15 04:19:59,EDDN,KTEB,True,[],2285,0,6139,435.59411368785896,447.7384382047157,452.7873163636556,451.0092307999803,C:/Users/ANTOINE/OneDrive/Desktop/aero_project/artifacts/step1_raw_20250114_20250115/flights/20250114_a17a8f_235026_005946,C:/Users/ANTOINE/OneDrive/Desktop/aero_project/artifacts/step1_raw_20250114_20250115/flights/20250114_a17a8f_235026_005946/adsc.parquet,C:/Users/ANTOINE/OneDrive/Desktop/aero_project/artifacts/step1_raw_20250114_20250115/flights/20250114_a17a8f_235026_005946/adsb_before.parquet,C:/Users/ANTOINE/OneDrive/Desktop/aero_project/artifacts/step1_raw_20250114_20250115/flights/20250114_a17a8f_235026_005946/adsb_after.parquet,C:/Users/ANTOINE/OneDrive/Desktop/aero_project/artifacts/step1_raw_20250114_20250115/flights/20250114_a17a8f_235026_005946/stitched_minimal.parquet,C:/Users/ANTOINE/OneDrive/Desktop/aero_project/artifacts/step1_raw_20250114_20250115/flights/20250114_a17a8f_235026_005946/metadata.json
20250114_e48df6_235447_011515,2025-01-14,e48df6,2025-01-14 23:54:47,2025-01-15 01:15:15,80.46666666666667,3,,TAM8085,2025-01-14 22:39:16,2025-01-15 09:42:46,EGLL,SBMT,True,[],3510,0,2663,599.3720674940677,455.5654653869346,499.1498390409236,497.04252090294517,C:/Users/ANTOINE/OneDrive/Desktop/aero_project/artifacts/step1_raw_20250114_20250115/flights/20250114_e48df6_235447_011515,C:/Users/ANTOINE/OneDrive/Desktop/aero_project/artifacts/step1_raw_20250114_20250115/flights/20250114_e48df6_235447_011515/adsc.parquet,C:/Users/ANTOINE/OneDrive/Desktop/aero_project/artifacts/step1_raw_20250114_20250115/flights/20250114_e48df6_235447_011515/adsb_before.parquet,C:/Users/ANTOINE/OneDrive/Desktop/aero_project/artifacts/step1_raw_20250114_20250115/flights/20250114_e48df6_235447_011515/adsb_after.parquet,C:/Users/ANTOINE/OneDrive/Desktop/aero_project/artifacts/step1_raw_20250114_20250115/flights/20250114_e48df6_235447_011515/stitched_minimal.parquet,C:/Users/ANTOINE/OneDrive/Desktop/aero_project/artifacts/step1_raw_20250114_20250115/flights/20250114_e48df6_235447_011515/metadata.json
20250115_40621d_000104_014602,2025-01-15,40621d,2025-01-15 00:01:04,2025-01-15 01:46:02,104.96666666666667,5,,BAW43,2025-01-14 20:54:35,2025-01-15 08:21:08,EGLL,FACT,True,[],3302,0,901,473.080170531461,477.9793712483435,453.521681855611,437.42701613962794,C:/Users/ANTOINE/OneDrive/Desktop/aero_project/artifacts/step1_raw_20250114_20250115/flights/20250115_40621d_000104_014602,C:/Users/ANTOINE/OneDrive/Desktop/aero_project/artifacts/step1_raw_20250114_20250115/flights/20250115_40621d_000104_014602/adsc.parquet,C:/Users/ANTOINE/OneDrive/Desktop/aero_project/artifacts/step1_raw_20250114_20250115/flights/20250115_40621d_000104_014602/adsb_before.parquet,C:/Users/ANTOINE/OneDrive/Desktop/aero_project/artifacts/step1_raw_20250114_20250115/flights/20250115_40621d_000104_014602/adsb_after.parquet,C:/Users/ANTOINE/OneDrive/Desktop/aero_project/artifacts/step1_raw_20250114_20250115/flights/20250115_40621d_000104_014602/stitched_minimal.parquet,C:/Users/ANTOINE/OneDrive/Desktop/aero_project/artifacts/step1_raw_20250114_20250115/flights/20250115_40621d_000104_014602/metadata.json
20250115_77058d_000943_001831,2025-01-15,77058d,2025-01-15 00:09:43,2025-01-15 00:18:31,8.8,4,,ALK553,2025-01-14 09:19:39,2025-01-15 08:43:54,YSSY,EDDF,True,[],1043,0,4100,491.3162978458868,391.0770939565844,513.2386524941029,469.3682874944042,C:/Users/ANTOINE/OneDrive/Desktop/aero_project/artifacts/step1_raw_20250114_20250115/flights/20250115_77058d_000943_001831,C:/Users/ANTOINE/OneDrive/Desktop/aero_project/artifacts/step1_raw_20250114_20250115/flights/20250115_77058d_000943_001831/adsc.parquet,C:/Users/ANTOINE/OneDrive/Desktop/aero_project/artifacts/step1_raw_20250114_20250115/flights/20250115_77058d_000943_001831/adsb_before.parquet,C:/Users/ANTOINE/OneDrive/Desktop/aero_project/artifacts/step1_raw_20250114_20250115/flights/20250115_77058d_000943_001831/adsb_after.parquet,C:/Users/ANTOINE/OneDrive/Desktop/aero_project/artifacts/step1_raw_20250114_20250115/flights/20250115_77058d_000943_001831/stitched_minimal.parquet,C:/Users/ANTOINE/OneDrive/Desktop/aero_project/artifacts/step1_raw_20250114_20250115/flights/20250115_77058d_000943_001831/metadata.json
20250115_3965aa_001242_003507,2025-01-15,3965aa,2025-01-15 00:12:42,2025-01-15 00:35:07,22.416666666666668,5,,AFR198,2025-01-14 17:24:23,2025-01-15 04:50:12,LFPG,VTBS,True,[],1754,0,2981,569.6724391912555,513.4871933932237,540.4010987845596,526.3198557895917,C:/Users/ANTOINE/OneDrive/Desktop/aero_project/artifacts/step1_raw_20250114_20250115/flights/20250115_3965aa_001242_003507,C:/Users/ANTOINE/OneDrive/Desktop/aero_project/artifacts/step1_raw_20250114_20250115/flights/20250115_3965aa_001242_003507/adsc.parquet,C:/Users/ANTOINE/OneDrive/Desktop/aero_project/artifacts/step1_raw_20250114_20250115/flights/20250115_3965aa_001242_003507/adsb_before.parquet,C:/Users/ANTOINE/OneDrive/Desktop/aero_project/artifacts/step1_raw_20250114_20250115/flights/20250115_3965aa_001242_003507/adsb_after.parquet,C:/Users/ANTOINE/OneDrive/Desktop/aero_project/artifacts/step1_raw_20250114_20250115/flights/20250115_3965aa_001242_003507/stitched_minimal.parquet,C:/Users/ANTOINE/OneDrive/Desktop/aero_project/artifacts/step1_raw_20250114_20250115/flights/20250115_3965aa_001242_003507/metadata.json
20250115_4074e3_002451_040549,2025-01-15,4074e3,2025-01-15 00:24:51,2025-01-15 04:05:49,220.96666666666667,8,,BAW44,2025-01-14 22:06:37,2025-01-15 09:30:50,FACT,EGLL,True,[],246,0,8425,483.0128537300124,487.8744258927361,498.9707713991787,484.29556246258716,C:/Users/ANTOINE/OneDrive/Desktop/aero_project/artifacts/step1_raw_20250114_20250115/flights/20250115_4074e3_002451_040549,C:/Users/ANTOINE/OneDrive/Desktop/aero_project/artifacts/step1_raw_20250114_20250115/flights/20250115_4074e3_002451_040549/adsc.parquet,C:/Users/ANTOINE/OneDrive/Desktop/aero_project/artifacts/step1_raw_20250114_20250115/flights/20250115_4074e3_002451_040549/adsb_before.parquet,C:/Users/ANTOINE/OneDrive/Desktop/aero_project/artifacts/step1_raw_20250114_20250115/flights/20250115_4074e3_002451_040549/adsb_after.parquet,C:/Users/ANTOINE/OneDrive/Desktop/aero_project/artifacts/step1_raw_20250114_20250115/flights/20250115_4074e3_002451_040549/stitched_minimal.parquet,C:/Users/ANTOINE/OneDrive/Desktop/aero_project/artifacts/step1_raw_20250114_20250115/flights/20250115_4074e3_002451_040549/metadata.json
20250115_4080b6_010723_032417,2025-01-15,4080b6,2025-01-15 01:07:23,2025-01-15 03:24:17,136.9,4,,BAW74,2025-01-15 00:46:55,2025-01-15 06:36:44,,EGLL,True,[],201,0,8676,479.4184059955963,500.7508612320039,527.8953829529,522.6699348570046,C:/Users/ANTOINE/OneDrive/Desktop/aero_project/artifacts/step1_raw_20250114_20250115/flights/20250115_4080b6_010723_032417,C:/Users/ANTOINE/OneDrive/Desktop/aero_project/artifacts/step1_raw_20250114_20250115/flights/20250115_4080b6_010723_032417/adsc.parquet,C:/Users/ANTOINE/OneDrive/Desktop/aero_project/artifacts/step1_raw_20250114_20250115/flights/20250115_4080b6_010723_032417/adsb_before.parquet,C:/Users/ANTOINE/OneDrive/Desktop/aero_project/artifacts/step1_raw_20250114_20250115/flights/20250115_4080b6_010723_032417/adsb_after.parquet,C:/Users/ANTOINE/OneDrive/Desktop/aero_project/artifacts/step1_raw_20250114_20250115/flights/20250115_4080b6_010723_032417/stitched_minimal.parquet,C:/Users/ANTOINE/OneDrive/Desktop/aero_project/artifacts/step1_raw_20250114_20250115/flights/20250115_4080b6_010723_032417/metadata.json
20250115_484371_013533_031135,2025-01-15,484371,2025-01-15 01:35:33,2025-01-15 03:11:35,96.03333333333333,4,,KLM104,2025-01-14 23:28:37,2025-01-15 10:53:59,FACT,EHAM,True,[],546,0,2732,483.41365581221373,488.9602302858002,507.4599754844654,503.2437212415004,C:/Users/ANTOINE/OneDrive/Desktop/aero_project/artifacts/step1_raw_20250114_20250115/flights/20250115_484371_013533_031135,C:/Users/ANTOINE/OneDrive/Desktop/aero_project/artifacts/step1_raw_20250114_20250115/flights/20250115_484371_013533_031135/adsc.parquet,C:/Users/ANTOINE/OneDrive/Desktop/aero_project/artifacts/step1_raw_20250114_20250115/flights/20250115_484371_013533_031135/adsb_before.parquet,C:/Users/ANTOINE/OneDrive/Desktop/aero_project/artifacts/step1_raw_20250114_20250115/flights/20250115_484371_013533_031135/adsb_after.parquet,C:/Users/ANTOINE/OneDrive/Desktop/aero_project/artifacts/step1_raw_20250114_20250115/flights/20250115_484371_013533_031135/stitched_minimal.parquet,C:/Users/ANTOINE/OneDrive/Desktop/aero_project/artifacts/step1_raw_20250114_20250115/flights/20250115_484371_013533_031135/metadata.json
20250115_407fcd_014523_042648,2025-01-15,407fcd,2025-01-15 01:45:23,2025-01-15 04:26:48,161.41666666666666,7,,BAW249,2025-01-15 00:30:38,2025-01-15 11:15:52,EGLL,SBGL,True,[],2982,0,4540,524.3250781924736,467.07245356189856,515.5164571551458,508.3802863005151,C:/Users/ANTOINE/OneDrive/Desktop/aero_project/artifacts/step1_raw_20250114_20250115/flights/20250115_407fcd_014523_042648,C:/Users/ANTOINE/OneDrive/Desktop/aero_project/artifacts/step1_raw_20250114_20250115/flights/20250115_407fcd_014523_042648/adsc.parquet,C:/Users/ANTOINE/OneDrive/Desktop/aero_project/artifacts/step1_raw_20250114_20250115/flights/20250115_407fcd_014523_042648/adsb_before.parquet,C:/Users/ANTOINE/OneDrive/Desktop/aero_project/artifacts/step1_raw_20250114_20250115/flights/20250115_407fcd_014523_042648/adsb_after.parquet,C:/Users/ANTOINE/OneDrive/Desktop/aero_project/artifacts/step1_raw_20250114_20250115/flights/20250115_407fcd_014523_042648/stitched_minimal.parquet,C:/Users/ANTOINE/OneDrive/Desktop/aero_project/artifacts/step1_raw_20250114_20250115/flights/20250115_407fcd_014523_042648/metadata.json
20250115_4074e2_015429_041112,2025-01-15,4074e2,2025-01-15 01:54:29,2025-01-15 04:11:12,136.71666666666667,6,,BAW45,2025-01-14 23:06:16,2025-01-15 10:24:48,EGLL,FACT,True,[],4677,0,2192,497.6882885438137,488.57500264357935,483.2444769006951,454.55561878439556,C:/Users/ANTOINE/OneDrive/Desktop/aero_project/artifacts/step1_raw_20250114_20250115/flights/20250115_4074e2_015429_041112,C:/Users/ANTOINE/OneDrive/Desktop/aero_project/artifacts/step1_raw_20250114_20250115/flights/20250115_4074e2_015429_041112/adsc.parquet,C:/Users/ANTOINE/OneDrive/Desktop/aero_project/artifacts/step1_raw_20250114_20250115/flights/20250115_4074e2_015429_041112/adsb_before.parquet,C:/Users/ANTOINE/OneDrive/Desktop/aero_project/artifacts/step1_raw_20250114_20250115/flights/20250115_4074e2_015429_041112/adsb_after.parquet,C:/Users/ANTOINE/OneDrive/Desktop/aero_project/artifacts/step1_raw_20250114_20250115/flights/20250115_4074e2_015429_041112/stitched_minimal.parquet,C:/Users/ANTOINE/OneDrive/Desktop/aero_project/artifacts/step1_raw_20250114_20250115/flights/20250115_4074e2_015429_041112/metadata.json
20250115_39cf0b_020910_032140,2025-01-15,39cf0b,2025-01-15 02:09:10,2025-01-15 03:21:40,72.5,5,,AFR545,2025-01-14 23:37:14,2025-01-15 07:53:56,SBFZ,LFPG,True,[],133,0,9879,581.9180318863256,468.26089035971376,536.5395863429944,504.00719565788347,C:/Users/ANTOINE/OneDrive/Desktop/aero_project/artifacts/step1_raw_20250114_20250115/flights/20250115_39cf0b_020910_032140,C:/Users/ANTOINE/OneDrive/Desktop/aero_project/artifacts/step1_raw_20250114_20250115/flights/20250115_39cf0b_020910_032140/adsc.parquet,C:/Users/ANTOINE/OneDrive/Desktop/aero_project/artifacts/step1_raw_20250114_20250115/flights/20250115_39cf0b_020910_032140/adsb_before.parquet,C:/Users/ANTOINE/OneDrive/Desktop/aero_project/artifacts/step1_raw_20250114_20250115/flights/20250115_39cf0b_020910_032140/adsb_after.parquet,C:/Users/ANTOINE/OneDrive/Desktop/aero_project/artifacts/step1_raw_20250114_20250115/flights/20250115_39cf0b_020910_032140/stitched_minimal.parquet,C:/Users/ANTOINE/OneDrive/Desktop/aero_project/artifacts/step1_raw_20250114_20250115/flights/20250115_39cf0b_020910_032140/metadata.json
20250115_407f2b_021024_041917,2025-01-15,407f2b,2025-01-15 02:10:24,2025-01-15 04:19:17,128.88333333333333,12,,BAW246,2025-01-14 21:55:09,2025-01-15 08:33:19,,EGLL,True,[],2025,0,8304,535.1476348239679,470.27682466173945,564.0987836765999,521.0740539769253,C:/Users/ANTOINE/OneDrive/Desktop/aero_project/artifacts/step1_raw_20250114_20250115/flights/20250115_407f2b_021024_041917,C:/Users/ANTOINE/OneDrive/Desktop/aero_project/artifacts/step1_raw_20250114_20250115/flights/20250115_407f2b_021024_041917/adsc.parquet,C:/Users/ANTOINE/OneDrive/Desktop/aero_project/artifacts/step1_raw_20250114_20250115/flights/20250115_407f2b_021024_041917/adsb_before.parquet,C:/Users/ANTOINE/OneDrive/Desktop/aero_project/artifacts/step1_raw_20250114_20250115/flights/20250115_407f2b_021024_041917/adsb_after.parquet,C:/Users/ANTOINE/OneDrive/Desktop/aero_project/artifacts/step1_raw_20250114_20250115/flights/20250115_407f2b_021024_041917/stitched_minimal.parquet,C:/Users/ANTOINE/OneDrive/Desktop/aero_project/artifacts/step1_raw_20250114_20250115/flights/20250115_407f2b_021024_041917/metadata.json
20250115_4076e8_025617_040707,2025-01-15,4076e8,2025-01-15 02:56:17,2025-01-15 04:07:07,70.83333333333333,4,,BAW248,2025-01-14 23:29:29,2025-01-15 09:52:26,SBGL,EGLL,True,[],3256,0,10243,538.0217805847991,502.4418855354034,546.2013542503014,545.9909081920982,C:/Users/ANTOINE/OneDrive/Desktop/aero_project/artifacts/step1_raw_20250114_20250115/flights/20250115_4076e8_025617_040707,C:/Users/ANTOINE/OneDrive/Desktop/aero_project/artifacts/step1_raw_20250114_20250115/flights/20250115_4076e8_025617_040707/adsc.parquet,C:/Users/ANTOINE/OneDrive/Desktop/aero_project/artifacts/step1_raw_20250114_20250115/flights/20250115_4076e8_025617_040707/adsb_before.parquet,C:/Users/ANTOINE/OneDrive/Desktop/aero_project/artifacts/step1_raw_20250114_20250115/flights/20250115_4076e8_025617_040707/adsb_after.parquet,C:/Users/ANTOINE/OneDrive/Desktop/aero_project/artifacts/step1_raw_20250114_20250115/flights/20250115_4076e8_025617_040707/stitched_minimal.parquet,C:/Users/ANTOINE/OneDrive/Desktop/aero_project/artifacts/step1_raw_20250114_20250115/flights/20250115_4076e8_025617_040707/metadata.json
20250115_4bb18e_182810_194209,2025-01-15,4bb18e,2025-01-15 18:28:10,2025-01-15 19:42:09,73.98333333333333,5,,THY7KG,2025-01-15 14:33:33,2025-01-16 00:31:00,,KDTW,True,[],6571,0,5528,583.8902030293099,468.1218657028196,462.7671845117549,451.184131421246,C:/Users/ANTOINE/OneDrive/Desktop/aero_project/artifacts/step1_raw_20250114_20250115/flights/20250115_4bb18e_182810_194209,C:/Users/ANTOINE/OneDrive/Desktop/aero_project/artifacts/step1_raw_20250114_20250115/flights/20250115_4bb18e_182810_194209/adsc.parquet,C:/Users/ANTOINE/OneDrive/Desktop/aero_project/artifacts/step1_raw_20250114_20250115/flights/20250115_4bb18e_182810_194209/adsb_before.parquet,C:/Users/ANTOINE/OneDrive/Desktop/aero_project/artifacts/step1_raw_20250114_20250115/flights/20250115_4bb18e_182810_194209/adsb_after.parquet,C:/Users/ANTOINE/OneDrive/Desktop/aero_project/artifacts/step1_raw_20250114_20250115/flights/20250115_4bb18e_182810_194209/stitched_minimal.parquet,C:/Users/ANTOINE/OneDrive/Desktop/aero_project/artifacts/step1_raw_20250114_20250115/flights/20250115_4bb18e_182810_194209/metadata.json
20250115_3c70c8_183205_193256,2025-01-15,3c70c8,2025-01-15 18:32:05,2025-01-15 19:32:56,60.85,5,,GEC8224,2025-01-15 16:17:28,2025-01-16 03:48:09,EDDF,MMJC,True,[],5960,0,9848,573.0967639299843,469.55104168764456,444.7182922536365,444.4194200802526,C:/Users/ANTOINE/OneDrive/Desktop/aero_project/artifacts/step1_raw_20250114_20250115/flights/20250115_3c70c8_183205_193256,C:/Users/ANTOINE/OneDrive/Desktop/aero_project/artifacts/step1_raw_20250114_20250115/flights/20250115_3c70c8_183205_193256/adsc.parquet,C:/Users/ANTOINE/OneDrive/Desktop/aero_project/artifacts/step1_raw_20250114_20250115/flights/20250115_3c70c8_183205_193256/adsb_before.parquet,C:/Users/ANTOINE/OneDrive/Desktop/aero_project/artifacts/step1_raw_20250114_20250115/flights/20250115_3c70c8_183205_193256/adsb_after.parquet,C:/Users/ANTOINE/OneDrive/Desktop/aero_project/artifacts/step1_raw_20250114_20250115/flights/20250115_3c70c8_183205_193256/stitched_minimal.parquet,C:/Users/ANTOINE/OneDrive/Desktop/aero_project/artifacts/step1_raw_20250114_20250115/flights/20250115_3c70c8_183205_193256/metadata.json
20250115_4007f1_183643_201643,2025-01-15,4007f1,2025-01-15 18:36:43,2025-01-15 20:16:43,100.0,3,,BAW23K,2025-01-15 16:04:21,2025-01-16 12:50:38,EGKK,EGKK,True,[],2436,0,8988,439.7081183092984,465.9458776999479,461.3677009359141,458.5296435623014,C:/Users/ANTOINE/OneDrive/Desktop/aero_project/artifacts/step1_raw_20250114_20250115/flights/20250115_4007f1_183643_201643,C:/Users/ANTOINE/OneDrive/Desktop/aero_project/artifacts/step1_raw_20250114_20250115/flights/20250115_4007f1_183643_201643/adsc.parquet,C:/Users/ANTOINE/OneDrive/Desktop/aero_project/artifacts/step1_raw_20250114_20250115/flights/20250115_4007f1_183643_201643/adsb_before.parquet,C:/Users/ANTOINE/OneDrive/Desktop/aero_project/artifacts/step1_raw_20250114_20250115/flights/20250115_4007f1_183643_201643/adsb_after.parquet,C:/Users/ANTOINE/OneDrive/Desktop/aero_project/artifacts/step1_raw_20250114_20250115/flights/20250115_4007f1_183643_201643/stitched_minimal.parquet,C:/Users/ANTOINE/OneDrive/Desktop/aero_project/artifacts/step1_raw_20250114_20250115/flights/20250115_4007f1_183643_201643/metadata.json
20250115_406b20_184526_200629,2025-01-15,406b20,2025-01-15 18:45:26,2025-01-15 20:06:29,81.05,7,,BAW5E,2025-01-15 16:54:57,2025-01-16 02:02:52,EGLL,KMIA,True,[],4214,0,12369,450.3178214591417,470.25333901384425,473.0336911587521,468.6144901692399,C:/Users/ANTOINE/OneDrive/Desktop/aero_project/artifacts/step1_raw_20250114_20250115/flights/20250115_406b20_184526_200629,C:/Users/ANTOINE/OneDrive/Desktop/aero_project/artifacts/step1_raw_20250114_20250115/flights/20250115_406b20_184526_200629/adsc.parquet,C:/Users/ANTOINE/OneDrive/Desktop/aero_project/artifacts/step1_raw_20250114_20250115/flights/20250115_406b20_184526_200629/adsb_before.parquet,C:/Users/ANTOINE/OneDrive/Desktop/aero_project/artifacts/step1_raw_20250114_20250115/flights/20250115_406b20_184526_200629/adsb_after.parquet,C:/Users/ANTOINE/OneDrive/Desktop/aero_project/artifacts/step1_raw_20250114_20250115/flights/20250115_406b20_184526_200629/stitched_minimal.parquet,C:/Users/ANTOINE/OneDrive/Desktop/aero_project/artifacts/step1_raw_20250114_20250115/flights/20250115_406b20_184526_200629/metadata.json
20250115_04022a_185352_200801,2025-01-15,04022a,2025-01-15 18:53:52,2025-01-15 20:08:01,74.15,4,,ETH3516,2025-01-15 17:25:51,2025-01-16 04:45:33,LEZG,MMJC,True,[],3679,0,10639,490.3343668830696,465.238660832737,468.6998336850553,464.90675331609793,C:/Users/ANTOINE/OneDrive/Desktop/aero_project/artifacts/step1_raw_20250114_20250115/flights/20250115_04022a_185352_200801,C:/Users/ANTOINE/OneDrive/Desktop/aero_project/artifacts/step1_raw_20250114_20250115/flights/20250115_04022a_185352_200801/adsc.parquet,C:/Users/ANTOINE/OneDrive/Desktop/aero_project/artifacts/step1_raw_20250114_20250115/flights/20250115_04022a_185352_200801/adsb_before.parquet,C:/Users/ANTOINE/OneDrive/Desktop/aero_project/artifacts/step1_raw_20250114_20250115/flights/20250115_04022a_185352_200801/adsb_after.parquet,C:/Users/ANTOINE/OneDrive/Desktop/aero_project/artifacts/step1_raw_20250114_20250115/flights/20250115_04022a_185352_200801/stitched_minimal.parquet,C:/Users/ANTOINE/OneDrive/Desktop/aero_project/artifacts/step1_raw_20250114_20250115/flights/20250115_04022a_185352_200801/metadata.json
20250115_3451cf_190641_203412,2025-01-15,3451cf,2025-01-15 19:06:41,2025-01-15 20:34:12,87.51666666666667,3,,AEA193,2025-01-15 16:45:49,2025-01-16 00:01:11,LEMD,,True,[],2284,0,953,488.13394156771596,474.9264153371703,473.16155609494365,471.61600042914733,C:/Users/ANTOINE/OneDrive/Desktop/aero_project/artifacts/step1_raw_20250114_20250115/flights/20250115_3451cf_190641_203412,C:/Users/ANTOINE/OneDrive/Desktop/aero_project/artifacts/step1_raw_20250114_20250115/flights/20250115_3451cf_190641_203412/adsc.parquet,C:/Users/ANTOINE/OneDrive/Desktop/aero_project/artifacts/step1_raw_20250114_20250115/flights/20250115_3451cf_190641_203412/adsb_before.parquet,C:/Users/ANTOINE/OneDrive/Desktop/aero_project/artifacts/step1_raw_20250114_20250115/flights/20250115_3451cf_190641_203412/adsb_after.parquet,C:/Users/ANTOINE/OneDrive/Desktop/aero_project/artifacts/step1_raw_20250114_20250115/flights/20250115_3451cf_190641_203412/stitched_minimal.parquet,C:/Users/ANTOINE/OneDrive/Desktop/aero_project/artifacts/step1_raw_20250114_20250115/flights/20250115_3451cf_190641_203412/metadata.json
20250115_34530c_190736_204658,2025-01-15,34530c,2025-01-15 19:07:36,2025-01-15 20:46:58,99.36666666666666,4,,AEA199,2025-01-15 16:49:53,2025-01-16 00:26:59,LEMD,,True,[],2565,0,623,477.1161798145492,469.76507527786777,472.0032679563698,468.2960388347135,C:/Users/ANTOINE/OneDrive/Desktop/aero_project/artifacts/step1_raw_20250114_20250115/flights/20250115_34530c_190736_204658,C:/Users/ANTOINE/OneDrive/Desktop/aero_project/artifacts/step1_raw_20250114_20250115/flights/20250115_34530c_190736_204658/adsc.parquet,C:/Users/ANTOINE/OneDrive/Desktop/aero_project/artifacts/step1_raw_20250114_20250115/flights/20250115_34530c_190736_204658/adsb_before.parquet,C:/Users/ANTOINE/OneDrive/Desktop/aero_project/artifacts/step1_raw_20250114_20250115/flights/20250115_34530c_190736_204658/adsb_after.parquet,C:/Users/ANTOINE/OneDrive/Desktop/aero_project/artifacts/step1_raw_20250114_20250115/flights/20250115_34530c_190736_204658/stitched_minimal.parquet,C:/Users/ANTOINE/OneDrive/Desktop/aero_project/artifacts/step1_raw_20250114_20250115/flights/20250115_34530c_190736_204658/metadata.json
20250115_39d2a3_192007_202955,2025-01-15,39d2a3,2025-01-15 19:20:07,2025-01-15 20:29:55,69.8,3,,AFR378,2025-01-15 17:36:44,2025-01-16 01:21:25,LFPG,KDTW,True,[],5379,0,6553,460.8288532367309,464.7346875379485,456.12926312704485,449.716512192926,C:/Users/ANTOINE/OneDrive/Desktop/aero_project/artifacts/step1_raw_20250114_20250115/flights/20250115_39d2a3_192007_202955,C:/Users/ANTOINE/OneDrive/Desktop/aero_project/artifacts/step1_raw_20250114_20250115/flights/20250115_39d2a3_192007_202955/adsc.parquet,C:/Users/ANTOINE/OneDrive/Desktop/aero_project/artifacts/step1_raw_20250114_20250115/flights/20250115_39d2a3_192007_202955/adsb_before.parquet,C:/Users/ANTOINE/OneDrive/Desktop/aero_project/artifacts/step1_raw_20250114_20250115/flights/20250115_39d2a3_192007_202955/adsb_after.parquet,C:/Users/ANTOINE/OneDrive/Desktop/aero_project/artifacts/step1_raw_20250114_20250115/flights/20250115_39d2a3_192007_202955/stitched_minimal.parquet,C:/Users/ANTOINE/OneDrive/Desktop/aero_project/artifacts/step1_raw_20250114_20250115/flights/20250115_39d2a3_192007_202955/metadata.json
20250115_484445_192643_195329,2025-01-15,484445,2025-01-15 19:26:43,2025-01-15 19:53:29,26.766666666666666,4,,KLM671,2025-01-15 16:38:55,2025-01-15 23:44:51,EHAM,CYUL,True,[],3114,0,2730,424.5289311737534,438.3414058951801,434.425138720859,433.6346929044277,C:/Users/ANTOINE/OneDrive/Desktop/aero_project/artifacts/step1_raw_20250114_20250115/flights/20250115_484445_192643_195329,C:/Users/ANTOINE/OneDrive/Desktop/aero_project/artifacts/step1_raw_20250114_20250115/flights/20250115_484445_192643_195329/adsc.parquet,C:/Users/ANTOINE/OneDrive/Desktop/aero_project/artifacts/step1_raw_20250114_20250115/flights/20250115_484445_192643_195329/adsb_before.parquet,C:/Users/ANTOINE/OneDrive/Desktop/aero_project/artifacts/step1_raw_20250114_20250115/flights/20250115_484445_192643_195329/adsb_after.parquet,C:/Users/ANTOINE/OneDrive/Desktop/aero_project/artifacts/step1_raw_20250114_20250115/flights/20250115_484445_192643_195329/stitched_minimal.parquet,C:/Users/ANTOINE/OneDrive/Desktop/aero_project/artifacts/step1_raw_20250114_20250115/flights/20250115_484445_192643_195329/metadata.json
20250115_407994_192848_200647,2025-01-15,407994,2025-01-15 19:28:48,2025-01-15 20:06:47,37.983333333333334,4,,BAW28K,2025-01-15 17:37:52,2025-01-16 04:16:59,EGLL,KSFO,True,[],4249,0,2661,460.695953569464,445.0592302554382,443.2765413200204,438.02813343568806,C:/Users/ANTOINE/OneDrive/Desktop/aero_project/artifacts/step1_raw_20250114_20250115/flights/20250115_407994_192848_200647,C:/Users/ANTOINE/OneDrive/Desktop/aero_project/artifacts/step1_raw_20250114_20250115/flights/20250115_407994_192848_200647/adsc.parquet,C:/Users/ANTOINE/OneDrive/Desktop/aero_project/artifacts/step1_raw_20250114_20250115/flights/20250115_407994_192848_200647/adsb_before.parquet,C:/Users/ANTOINE/OneDrive/Desktop/aero_project/artifacts/step1_raw_20250114_20250115/flights/20250115_407994_192848_200647/adsb_after.parquet,C:/Users/ANTOINE/OneDrive/Desktop/aero_project/artifacts/step1_raw_20250114_20250115/flights/20250115_407994_192848_200647/stitched_minimal.parquet,C:/Users/ANTOINE/OneDrive/Desktop/aero_project/artifacts/step1_raw_20250114_20250115/flights/20250115_407994_192848_200647/metadata.json
20250115_4bb188_192909_204627,2025-01-15,4bb188,2025-01-15 19:29:09,2025-01-15 20:46:27,77.3,5,,THY40Y,2025-01-15 15:32:36,2025-01-16 00:33:42,,CYUL,True,[],6898,0,2543,721.9884621416207,464.49501145580604,465.8452829219165,446.4458638815581,C:/Users/ANTOINE/OneDrive/Desktop/aero_project/artifacts/step1_raw_20250114_20250115/flights/20250115_4bb188_192909_204627,C:/Users/ANTOINE/OneDrive/Desktop/aero_project/artifacts/step1_raw_20250114_20250115/flights/20250115_4bb188_192909_204627/adsc.parquet,C:/Users/ANTOINE/OneDrive/Desktop/aero_project/artifacts/step1_raw_20250114_20250115/flights/20250115_4bb188_192909_204627/adsb_before.parquet,C:/Users/ANTOINE/OneDrive/Desktop/aero_project/artifacts/step1_raw_20250114_20250115/flights/20250115_4bb188_192909_204627/adsb_after.parquet,C:/Users/ANTOINE/OneDrive/Desktop/aero_project/artifacts/step1_raw_20250114_20250115/flights/20250115_4bb188_192909_204627/stitched_minimal.parquet,C:/Users/ANTOINE/OneDrive/Desktop/aero_project/artifacts/step1_raw_20250114_20250115/flights/20250115_4bb188_192909_204627/metadata.json
20250115_4d208a_193444_210845,2025-01-15,4d208a,2025-01-15 19:34:44,2025-01-15 21:08:45,94.01666666666667,4,,VJT754,2025-01-15 16:46:20,2025-01-15 23:40:01,EGLF,KFRG,True,[],1830,0,5819,445.50930376718486,453.38095855345375,452.8486381292681,450.86788265288726,C:/Users/ANTOINE/OneDrive/Desktop/aero_project/artifacts/step1_raw_20250114_20250115/flights/20250115_4d208a_193444_210845,C:/Users/ANTOINE/OneDrive/Desktop/aero_project/artifacts/step1_raw_20250114_20250115/flights/20250115_4d208a_193444_210845/adsc.parquet,C:/Users/ANTOINE/OneDrive/Desktop/aero_project/artifacts/step1_raw_20250114_20250115/flights/20250115_4d208a_193444_210845/adsb_before.parquet,C:/Users/ANTOINE/OneDrive/Desktop/aero_project/artifacts/step1_raw_20250114_20250115/flights/20250115_4d208a_193444_210845/adsb_after.parquet,C:/Users/ANTOINE/OneDrive/Desktop/aero_project/artifacts/step1_raw_20250114_20250115/flights/20250115_4d208a_193444_210845/stitched_minimal.parquet,C:/Users/ANTOINE/OneDrive/Desktop/aero_project/artifacts/step1_raw_20250114_20250115/flights/20250115_4d208a_193444_210845/metadata.json
20250115_02013f_194322_202251,2025-01-15,02013f,2025-01-15 19:43:22,2025-01-15 20:22:51,39.483333333333334,6,,RAM200N,2025-01-15 17:19:18,2025-01-16 00:18:13,,KJFK,True,[],45,0,6118,444.3065876209184,454.58257976231147,470.3612696535612,461.2402712907729,C:/Users/ANTOINE/OneDrive/Desktop/aero_project/artifacts/step1_raw_20250114_20250115/flights/20250115_02013f_194322_202251,C:/Users/ANTOINE/OneDrive/Desktop/aero_project/artifacts/step1_raw_20250114_20250115/flights/20250115_02013f_194322_202251/adsc.parquet,C:/Users/ANTOINE/OneDrive/Desktop/aero_project/artifacts/step1_raw_20250114_20250115/flights/20250115_02013f_194322_202251/adsb_before.parquet,C:/Users/ANTOINE/OneDrive/Desktop/aero_project/artifacts/step1_raw_20250114_20250115/flights/20250115_02013f_194322_202251/adsb_after.parquet,C:/Users/ANTOINE/OneDrive/Desktop/aero_project/artifacts/step1_raw_20250114_20250115/flights/20250115_02013f_194322_202251/stitched_minimal.parquet,C:/Users/ANTOINE/OneDrive/Desktop/aero_project/artifacts/step1_raw_20250114_20250115/flights/20250115_02013f_194322_202251/metadata.json
20250115_34740f_194451_205203,2025-01-15,34740f,2025-01-15 19:44:51,2025-01-15 20:52:03,67.2,4,,AEA051,2025-01-15 16:57:21,2025-01-16 01:26:12,LEMD,,True,[],765,0,1817,496.3014644884091,441.0026919773719,444.3966372435829,444.0464588118103,C:/Users/ANTOINE/OneDrive/Desktop/aero_project/artifacts/step1_raw_20250114_20250115/flights/20250115_34740f_194451_205203,C:/Users/ANTOINE/OneDrive/Desktop/aero_project/artifacts/step1_raw_20250114_20250115/flights/20250115_34740f_194451_205203/adsc.parquet,C:/Users/ANTOINE/OneDrive/Desktop/aero_project/artifacts/step1_raw_20250114_20250115/flights/20250115_34740f_194451_205203/adsb_before.parquet,C:/Users/ANTOINE/OneDrive/Desktop/aero_project/artifacts/step1_raw_20250114_20250115/flights/20250115_34740f_194451_205203/adsb_after.parquet,C:/Users/ANTOINE/OneDrive/Desktop/aero_project/artifacts/step1_raw_20250114_20250115/flights/20250115_34740f_194451_205203/stitched_minimal.parquet,C:/Users/ANTOINE/OneDrive/Desktop/aero_project/artifacts/step1_raw_20250114_20250115/flights/20250115_34740f_194451_205203/metadata.json
20250115_3c6702_200839_210408,2025-01-15,3c6702,2025-01-15 20:08:39,2025-01-15 21:04:08,55.483333333333334,5,,DLH2C,2025-01-15 17:33:10,2025-01-16 02:28:18,EDDM,KORD,True,[],6177,0,6076,453.04274564768957,462.4917457463192,467.14763064482406,457.51812246989516,C:/Users/ANTOINE/OneDrive/Desktop/aero_project/artifacts/step1_raw_20250114_20250115/flights/20250115_3c6702_200839_210408,C:/Users/ANTOINE/OneDrive/Desktop/aero_project/artifacts/step1_raw_20250114_20250115/flights/20250115_3c6702_200839_210408/adsc.parquet,C:/Users/ANTOINE/OneDrive/Desktop/aero_project/artifacts/step1_raw_20250114_20250115/flights/20250115_3c6702_200839_210408/adsb_before.parquet,C:/Users/ANTOINE/OneDrive/Desktop/aero_project/artifacts/step1_raw_20250114_20250115/flights/20250115_3c6702_200839_210408/adsb_after.parquet,C:/Users/ANTOINE/OneDrive/Desktop/aero_project/artifacts/step1_raw_20250114_20250115/flights/20250115_3c6702_200839_210408/stitched_minimal.parquet,C:/Users/ANTOINE/OneDrive/Desktop/aero_project/artifacts/step1_raw_20250114_20250115/flights/20250115_3c6702_200839_210408/metadata.json
20250115_4080bf_201454_213220,2025-01-15,4080bf,2025-01-15 20:14:54,2025-01-15 21:32:20,77.43333333333334,8,,BAW33K,2025-01-15 18:46:00,2025-01-16 01:43:12,EGLL,KJFK,True,[],4307,0,6065,453.6901820482826,463.2880061162924,469.4283052519242,452.8823130972839,C:/Users/ANTOINE/OneDrive/Desktop/aero_project/artifacts/step1_raw_20250114_20250115/flights/20250115_4080bf_201454_213220,C:/Users/ANTOINE/OneDrive/Desktop/aero_project/artifacts/step1_raw_20250114_20250115/flights/20250115_4080bf_201454_213220/adsc.parquet,C:/Users/ANTOINE/OneDrive/Desktop/aero_project/artifacts/step1_raw_20250114_20250115/flights/20250115_4080bf_201454_213220/adsb_before.parquet,C:/Users/ANTOINE/OneDrive/Desktop/aero_project/artifacts/step1_raw_20250114_20250115/flights/20250115_4080bf_201454_213220/adsb_after.parquet,C:/Users/ANTOINE/OneDrive/Desktop/aero_project/artifacts/step1_raw_20250114_20250115/flights/20250115_4080bf_201454_213220/stitched_minimal.parquet,C:/Users/ANTOINE/OneDrive/Desktop/aero_project/artifacts/step1_raw_20250114_20250115/flights/20250115_4080bf_201454_213220/metadata.json
20250115_76cce3_203058_214018,2025-01-15,76cce3,2025-01-15 20:30:58,2025-01-15 21:40:18,69.33333333333333,6,,SIA21,2025-01-15 17:02:50,2025-01-16 11:36:27,KEWR,WSSS,True,[],212,0,17966,508.40218991381334,496.1998207457666,520.3004310391353,515.9666209397869,C:/Users/ANTOINE/OneDrive/Desktop/aero_project/artifacts/step1_raw_20250114_20250115/flights/20250115_76cce3_203058_214018,C:/Users/ANTOINE/OneDrive/Desktop/aero_project/artifacts/step1_raw_20250114_20250115/flights/20250115_76cce3_203058_214018/adsc.parquet,C:/Users/ANTOINE/OneDrive/Desktop/aero_project/artifacts/step1_raw_20250114_20250115/flights/20250115_76cce3_203058_214018/adsb_before.parquet,C:/Users/ANTOINE/OneDrive/Desktop/aero_project/artifacts/step1_raw_20250114_20250115/flights/20250115_76cce3_203058_214018/adsb_after.parquet,C:/Users/ANTOINE/OneDrive/Desktop/aero_project/artifacts/step1_raw_20250114_20250115/flights/20250115_76cce3_203058_214018/stitched_minimal.parquet,C:/Users/ANTOINE/OneDrive/Desktop/aero_project/artifacts/step1_raw_20250114_20250115/flights/20250115_76cce3_203058_214018/metadata.json
20250115_a82e57_204933_222902,2025-01-15,a82e57,2025-01-15 20:49:33,2025-01-15 22:29:02,99.48333333333333,5,,UPS216,2025-01-15 19:19:19,2025-01-16 03:52:29,EDDK,KSDF,True,[],5267,0,7643,524.3720042836346,467.45745717203687,441.6970781062928,440.37090461673097,C:/Users/ANTOINE/OneDrive/Desktop/aero_project/artifacts/step1_raw_20250114_20250115/flights/20250115_a82e57_204933_222902,C:/Users/ANTOINE/OneDrive/Desktop/aero_project/artifacts/step1_raw_20250114_20250115/flights/20250115_a82e57_204933_222902/adsc.parquet,C:/Users/ANTOINE/OneDrive/Desktop/aero_project/artifacts/step1_raw_20250114_20250115/flights/20250115_a82e57_204933_222902/adsb_before.parquet,C:/Users/ANTOINE/OneDrive/Desktop/aero_project/artifacts/step1_raw_20250114_20250115/flights/20250115_a82e57_204933_222902/adsb_after.parquet,C:/Users/ANTOINE/OneDrive/Desktop/aero_project/artifacts/step1_raw_20250114_20250115/flights/20250115_a82e57_204933_222902/stitched_minimal.parquet,C:/Users/ANTOINE/OneDrive/Desktop/aero_project/artifacts/step1_raw_20250114_20250115/flights/20250115_a82e57_204933_222902/metadata.json
20250115_3c6708_205407_214936,2025-01-15,3c6708,2025-01-15 20:54:07,2025-01-15 21:49:36,55.483333333333334,4,,DLH8P,2025-01-15 18:13:10,2025-01-16 01:46:12,EDDM,KBOS,True,[],5524,0,4843,449.99416173683005,464.44573708866733,458.03237395421183,449.06631847664835,C:/Users/ANTOINE/OneDrive/Desktop/aero_project/artifacts/step1_raw_20250114_20250115/flights/20250115_3c6708_205407_214936,C:/Users/ANTOINE/OneDrive/Desktop/aero_project/artifacts/step1_raw_20250114_20250115/flights/20250115_3c6708_205407_214936/adsc.parquet,C:/Users/ANTOINE/OneDrive/Desktop/aero_project/artifacts/step1_raw_20250114_20250115/flights/20250115_3c6708_205407_214936/adsb_before.parquet,C:/Users/ANTOINE/OneDrive/Desktop/aero_project/artifacts/step1_raw_20250114_20250115/flights/20250115_3c6708_205407_214936/adsb_after.parquet,C:/Users/ANTOINE/OneDrive/Desktop/aero_project/artifacts/step1_raw_20250114_20250115/flights/20250115_3c6708_205407_214936/stitched_minimal.parquet,C:/Users/ANTOINE/OneDrive/Desktop/aero_project/artifacts/step1_raw_20250114_20250115/flights/20250115_3c6708_205407_214936/metadata.json
20250115_407af5_205518_214505,2025-01-15,407af5,2025-01-15 20:55:18,2025-01-15 21:45:05,49.78333333333333,4,,BAW293,2025-01-15 19:04:20,2025-01-16 02:26:55,EGLL,KIAD,True,[],4904,0,7587,452.01590466274087,465.7717760354993,466.5588831604986,462.7616209601762,C:/Users/ANTOINE/OneDrive/Desktop/aero_project/artifacts/step1_raw_20250114_20250115/flights/20250115_407af5_205518_214505,C:/Users/ANTOINE/OneDrive/Desktop/aero_project/artifacts/step1_raw_20250114_20250115/flights/20250115_407af5_205518_214505/adsc.parquet,C:/Users/ANTOINE/OneDrive/Desktop/aero_project/artifacts/step1_raw_20250114_20250115/flights/20250115_407af5_205518_214505/adsb_before.parquet,C:/Users/ANTOINE/OneDrive/Desktop/aero_project/artifacts/step1_raw_20250114_20250115/flights/20250115_407af5_205518_214505/adsb_after.parquet,C:/Users/ANTOINE/OneDrive/Desktop/aero_project/artifacts/step1_raw_20250114_20250115/flights/20250115_407af5_205518_214505/stitched_minimal.parquet,C:/Users/ANTOINE/OneDrive/Desktop/aero_project/artifacts/step1_raw_20250114_20250115/flights/20250115_407af5_205518_214505/metadata.json
20250115_c038a7_205755_214130,2025-01-15,c038a7,2025-01-15 20:57:55,2025-01-15 21:41:30,43.583333333333336,4,,ACA843,2025-01-15 18:23:26,2025-01-16 02:10:57,EDDF,CYYZ,True,[],5163,0,4163,448.2190009743732,470.32291475904924,462.1115883741803,449.52907739779334,C:/Users/ANTOINE/OneDrive/Desktop/aero_project/artifacts/step1_raw_20250114_20250115/flights/20250115_c038a7_205755_214130,C:/Users/ANTOINE/OneDrive/Desktop/aero_project/artifacts/step1_raw_20250114_20250115/flights/20250115_c038a7_205755_214130/adsc.parquet,C:/Users/ANTOINE/OneDrive/Desktop/aero_project/artifacts/step1_raw_20250114_20250115/flights/20250115_c038a7_205755_214130/adsb_before.parquet,C:/Users/ANTOINE/OneDrive/Desktop/aero_project/artifacts/step1_raw_20250114_20250115/flights/20250115_c038a7_205755_214130/adsb_after.parquet,C:/Users/ANTOINE/OneDrive/Desktop/aero_project/artifacts/step1_raw_20250114_20250115/flights/20250115_c038a7_205755_214130/stitched_minimal.parquet,C:/Users/ANTOINE/OneDrive/Desktop/aero_project/artifacts/step1_raw_20250114_20250115/flights/20250115_c038a7_205755_214130/metadata.json
20250115_aac33e_211055_214949,2025-01-15,aac33e,2025-01-15 21:10:55,2025-01-15 21:49:49,38.9,4,,AVA120,2025-01-15 18:32:25,2025-01-16 17:38:28,LEMD,EGLL,True,[],1195,0,649,490.4645409734606,469.440838701092,476.96349791853567,474.6586849646221,C:/Users/ANTOINE/OneDrive/Desktop/aero_project/artifacts/step1_raw_20250114_20250115/flights/20250115_aac33e_211055_214949,C:/Users/ANTOINE/OneDrive/Desktop/aero_project/artifacts/step1_raw_20250114_20250115/flights/20250115_aac33e_211055_214949/adsc.parquet,C:/Users/ANTOINE/OneDrive/Desktop/aero_project/artifacts/step1_raw_20250114_20250115/flights/20250115_aac33e_211055_214949/adsb_before.parquet,C:/Users/ANTOINE/OneDrive/Desktop/aero_project/artifacts/step1_raw_20250114_20250115/flights/20250115_aac33e_211055_214949/adsb_after.parquet,C:/Users/ANTOINE/OneDrive/Desktop/aero_project/artifacts/step1_raw_20250114_20250115/flights/20250115_aac33e_211055_214949/stitched_minimal.parquet,C:/Users/ANTOINE/OneDrive/Desktop/aero_project/artifacts/step1_raw_20250114_20250115/flights/20250115_aac33e_211055_214949/metadata.json
20250115_4b1881_211722_225852,2025-01-15,4b1881,2025-01-15 21:17:22,2025-01-15 22:58:52,101.5,5,,SWR52,2025-01-15 18:30:53,2025-01-16 02:30:59,LSZH,KBOS,True,[],5609,0,5252,428.1753585005251,437.9106330886213,439.34022246932994,435.41151071772435,C:/Users/ANTOINE/OneDrive/Desktop/aero_project/artifacts/step1_raw_20250114_20250115/flights/20250115_4b1881_211722_225852,C:/Users/ANTOINE/OneDrive/Desktop/aero_project/artifacts/step1_raw_20250114_20250115/flights/20250115_4b1881_211722_225852/adsc.parquet,C:/Users/ANTOINE/OneDrive/Desktop/aero_project/artifacts/step1_raw_20250114_20250115/flights/20250115_4b1881_211722_225852/adsb_before.parquet,C:/Users/ANTOINE/OneDrive/Desktop/aero_project/artifacts/step1_raw_20250114_20250115/flights/20250115_4b1881_211722_225852/adsb_after.parquet,C:/Users/ANTOINE/OneDrive/Desktop/aero_project/artifacts/step1_raw_20250114_20250115/flights/20250115_4b1881_211722_225852/stitched_minimal.parquet,C:/Users/ANTOINE/OneDrive/Desktop/aero_project/artifacts/step1_raw_20250114_20250115/flights/20250115_4b1881_211722_225852/metadata.json
20250115_4007f6_214814_232520,2025-01-15,4007f6,2025-01-15 21:48:14,2025-01-15 23:25:20,97.1,6,,BAW99,2025-01-15 19:36:14,2025-01-16 02:45:21,EGLL,CYYZ,True,[],4105,0,5865,443.32683921962024,474.68415286423095,462.76938370027165,461.04429445863985,C:/Users/ANTOINE/OneDrive/Desktop/aero_project/artifacts/step1_raw_20250114_20250115/flights/20250115_4007f6_214814_232520,C:/Users/ANTOINE/OneDrive/Desktop/aero_project/artifacts/step1_raw_20250114_20250115/flights/20250115_4007f6_214814_232520/adsc.parquet,C:/Users/ANTOINE/OneDrive/Desktop/aero_project/artifacts/step1_raw_20250114_20250115/flights/20250115_4007f6_214814_232520/adsb_before.parquet,C:/Users/ANTOINE/OneDrive/Desktop/aero_project/artifacts/step1_raw_20250114_20250115/flights/20250115_4007f6_214814_232520/adsb_after.parquet,C:/Users/ANTOINE/OneDrive/Desktop/aero_project/artifacts/step1_raw_20250114_20250115/flights/20250115_4007f6_214814_232520/stitched_minimal.parquet,C:/Users/ANTOINE/OneDrive/Desktop/aero_project/artifacts/step1_raw_20250114_20250115/flights/20250115_4007f6_214814_232520/metadata.json
20250115_4005c0_221826_001153,2025-01-15,4005c0,2025-01-15 22:18:26,2025-01-16 00:11:53,113.45,7,,BAW37J,2025-01-15 20:43:41,2025-01-16 03:50:59,EGLL,KJFK,True,[],4771,0,5321,429.6133772133009,459.60371680712507,440.85790772454567,428.58986959004153,C:/Users/ANTOINE/OneDrive/Desktop/aero_project/artifacts/step1_raw_20250114_20250115/flights/20250115_4005c0_221826_001153,C:/Users/ANTOINE/OneDrive/Desktop/aero_project/artifacts/step1_raw_20250114_20250115/flights/20250115_4005c0_221826_001153/adsc.parquet,C:/Users/ANTOINE/OneDrive/Desktop/aero_project/artifacts/step1_raw_20250114_20250115/flights/20250115_4005c0_221826_001153/adsb_before.parquet,C:/Users/ANTOINE/OneDrive/Desktop/aero_project/artifacts/step1_raw_20250114_20250115/flights/20250115_4005c0_221826_001153/adsb_after.parquet,C:/Users/ANTOINE/OneDrive/Desktop/aero_project/artifacts/step1_raw_20250114_20250115/flights/20250115_4005c0_221826_001153/stitched_minimal.parquet,C:/Users/ANTOINE/OneDrive/Desktop/aero_project/artifacts/step1_raw_20250114_20250115/flights/20250115_4005c0_221826_001153/metadata.json
20250115_4aca63_225248_004350,2025-01-15,4aca63,2025-01-15 22:52:48,2025-01-16 00:43:50,111.03333333333333,5,,SAS974,2025-01-15 18:19:22,2025-01-16 05:43:28,VTBS,EKCH,True,[],2255,0,13657,441.13959133272743,431.46543284665177,464.6305381600065,437.18893115857406,C:/Users/ANTOINE/OneDrive/Desktop/aero_project/artifacts/step1_raw_20250114_20250115/flights/20250115_4aca63_225248_004350,C:/Users/ANTOINE/OneDrive/Desktop/aero_project/artifacts/step1_raw_20250114_20250115/flights/20250115_4aca63_225248_004350/adsc.parquet,C:/Users/ANTOINE/OneDrive/Desktop/aero_project/artifacts/step1_raw_20250114_20250115/flights/20250115_4aca63_225248_004350/adsb_before.parquet,C:/Users/ANTOINE/OneDrive/Desktop/aero_project/artifacts/step1_raw_20250114_20250115/flights/20250115_4aca63_225248_004350/adsb_after.parquet,C:/Users/ANTOINE/OneDrive/Desktop/aero_project/artifacts/step1_raw_20250114_20250115/flights/20250115_4aca63_225248_004350/stitched_minimal.parquet,C:/Users/ANTOINE/OneDrive/Desktop/aero_project/artifacts/step1_raw_20250114_20250115/flights/20250115_4aca63_225248_004350/metadata.json
20250115_3965a7_230500_232620,2025-01-15,3965a7,2025-01-15 23:05:00,2025-01-15 23:26:20,21.333333333333332,6,,AFR196,2025-01-15 16:23:13,2025-01-16 03:36:28,LFPG,VTBS,True,[],1734,0,2248,552.311166408493,512.8193099014251,559.7304804391185,548.2886489391284,C:/Users/ANTOINE/OneDrive/Desktop/aero_project/artifacts/step1_raw_20250114_20250115/flights/20250115_3965a7_230500_232620,C:/Users/ANTOINE/OneDrive/Desktop/aero_project/artifacts/step1_raw_20250114_20250115/flights/20250115_3965a7_230500_232620/adsc.parquet,C:/Users/ANTOINE/OneDrive/Desktop/aero_project/artifacts/step1_raw_20250114_20250115/flights/20250115_3965a7_230500_232620/adsb_before.parquet,C:/Users/ANTOINE/OneDrive/Desktop/aero_project/artifacts/step1_raw_20250114_20250115/flights/20250115_3965a7_230500_232620/adsb_after.parquet,C:/Users/ANTOINE/OneDrive/Desktop/aero_project/artifacts/step1_raw_20250114_20250115/flights/20250115_3965a7_230500_232620/stitched_minimal.parquet,C:/Users/ANTOINE/OneDrive/Desktop/aero_project/artifacts/step1_raw_20250114_20250115/flights/20250115_3965a7_230500_232620/metadata.json
20250115_406f75_231521_003907,2025-01-15,406f75,2025-01-15 23:15:21,2025-01-16 00:39:07,83.76666666666667,5,,BAW239,2025-01-15 21:24:33,2025-01-16 03:56:44,EGLL,KBOS,True,[],4513,0,4738,441.25734239670214,462.42552644086317,457.73435602815255,451.95237617285954,C:/Users/ANTOINE/OneDrive/Desktop/aero_project/artifacts/step1_raw_20250114_20250115/flights/20250115_406f75_231521_003907,C:/Users/ANTOINE/OneDrive/Desktop/aero_project/artifacts/step1_raw_20250114_20250115/flights/20250115_406f75_231521_003907/adsc.parquet,C:/Users/ANTOINE/OneDrive/Desktop/aero_project/artifacts/step1_raw_20250114_20250115/flights/20250115_406f75_231521_003907/adsb_before.parquet,C:/Users/ANTOINE/OneDrive/Desktop/aero_project/artifacts/step1_raw_20250114_20250115/flights/20250115_406f75_231521_003907/adsb_after.parquet,C:/Users/ANTOINE/OneDrive/Desktop/aero_project/artifacts/step1_raw_20250114_20250115/flights/20250115_406f75_231521_003907/stitched_minimal.parquet,C:/Users/ANTOINE/OneDrive/Desktop/aero_project/artifacts/step1_raw_20250114_20250115/flights/20250115_406f75_231521_003907/metadata.json
20250115_06a0e7_232252_004350,2025-01-15,06a0e7,2025-01-15 23:22:52,2025-01-16 00:43:50,80.96666666666667,4,,QTR21M,2025-01-15 04:51:42,2025-01-16 04:47:26,,KJFK,True,[],5092,0,5715,461.1492738116608,461.0293417144952,469.11117279973587,467.4060267587096,C:/Users/ANTOINE/OneDrive/Desktop/aero_project/artifacts/step1_raw_20250114_20250115/flights/20250115_06a0e7_232252_004350,C:/Users/ANTOINE/OneDrive/Desktop/aero_project/artifacts/step1_raw_20250114_20250115/flights/20250115_06a0e7_232252_004350/adsc.parquet,C:/Users/ANTOINE/OneDrive/Desktop/aero_project/artifacts/step1_raw_20250114_20250115/flights/20250115_06a0e7_232252_004350/adsb_before.parquet,C:/Users/ANTOINE/OneDrive/Desktop/aero_project/artifacts/step1_raw_20250114_20250115/flights/20250115_06a0e7_232252_004350/adsb_after.parquet,C:/Users/ANTOINE/OneDrive/Desktop/aero_project/artifacts/step1_raw_20250114_20250115/flights/20250115_06a0e7_232252_004350/stitched_minimal.parquet,C:/Users/ANTOINE/OneDrive/Desktop/aero_project/artifacts/step1_raw_20250114_20250115/flights/20250115_06a0e7_232252_004350/metadata.json
20250115_8965b8_233131_004739,2025-01-15,8965b8,2025-01-15 23:31:31,2025-01-16 00:47:39,76.13333333333334,7,,UAE9393,2025-01-15 21:37:07,2025-01-16 05:51:28,EBMB,KORD,True,[],5444,0,7043,433.1713803115275,464.8689787773919,468.5289065869755,462.08391473119696,C:/Users/ANTOINE/OneDrive/Desktop/aero_project/artifacts/step1_raw_20250114_20250115/flights/20250115_8965b8_233131_004739,C:/Users/ANTOINE/OneDrive/Desktop/aero_project/artifacts/step1_raw_20250114_20250115/flights/20250115_8965b8_233131_004739/adsc.parquet,C:/Users/ANTOINE/OneDrive/Desktop/aero_project/artifacts/step1_raw_20250114_20250115/flights/20250115_8965b8_233131_004739/adsb_before.parquet,C:/Users/ANTOINE/OneDrive/Desktop/aero_project/artifacts/step1_raw_20250114_20250115/flights/20250115_8965b8_233131_004739/adsb_after.parquet,C:/Users/ANTOINE/OneDrive/Desktop/aero_project/artifacts/step1_raw_20250114_20250115/flights/20250115_8965b8_233131_004739/stitched_minimal.parquet,C:/Users/ANTOINE/OneDrive/Desktop/aero_project/artifacts/step1_raw_20250114_20250115/flights/20250115_8965b8_233131_004739/metadata.json
20250115_4005bc_233505_022013,2025-01-15,4005bc,2025-01-15 23:35:05,2025-01-16 02:20:13,165.13333333333333,9,,BAW183,2025-01-15 22:05:08,2025-01-16 05:05:52,EGLL,KJFK,True,[],3428,0,5197,437.6823614210729,472.18903412305565,458.9846283310188,452.6693378267521,C:/Users/ANTOINE/OneDrive/Desktop/aero_project/artifacts/step1_raw_20250114_20250115/flights/20250115_4005bc_233505_022013,C:/Users/ANTOINE/OneDrive/Desktop/aero_project/artifacts/step1_raw_20250114_20250115/flights/20250115_4005bc_233505_022013/adsc.parquet,C:/Users/ANTOINE/OneDrive/Desktop/aero_project/artifacts/step1_raw_20250114_20250115/flights/20250115_4005bc_233505_022013/adsb_before.parquet,C:/Users/ANTOINE/OneDrive/Desktop/aero_project/artifacts/step1_raw_20250114_20250115/flights/20250115_4005bc_233505_022013/adsb_after.parquet,C:/Users/ANTOINE/OneDrive/Desktop/aero_project/artifacts/step1_raw_20250114_20250115/flights/20250115_4005bc_233505_022013/stitched_minimal.parquet,C:/Users/ANTOINE/OneDrive/Desktop/aero_project/artifacts/step1_raw_20250114_20250115/flights/20250115_4005bc_233505_022013/metadata.json
20250115_4007fb_235939_010900,2025-01-15,4007fb,2025-01-15 23:59:39,2025-01-16 01:09:00,69.35,4,,BAW119,2025-01-15 16:49:30,2025-01-16 01:48:04,EGLL,VOYK,True,[],1310,0,779,558.8186160292421,475.34843155335875,526.1191935246485,504.0780115981609,C:/Users/ANTOINE/OneDrive/Desktop/aero_project/artifacts/step1_raw_20250114_20250115/flights/20250115_4007fb_235939_010900,C:/Users/ANTOINE/OneDrive/Desktop/aero_project/artifacts/step1_raw_20250114_20250115/flights/20250115_4007fb_235939_010900/adsc.parquet,C:/Users/ANTOINE/OneDrive/Desktop/aero_project/artifacts/step1_raw_20250114_20250115/flights/20250115_4007fb_235939_010900/adsb_before.parquet,C:/Users/ANTOINE/OneDrive/Desktop/aero_project/artifacts/step1_raw_20250114_20250115/flights/20250115_4007fb_235939_010900/adsb_after.parquet,C:/Users/ANTOINE/OneDrive/Desktop/aero_project/artifacts/step1_raw_20250114_20250115/flights/20250115_4007fb_235939_010900/stitched_minimal.parquet,C:/Users/ANTOINE/OneDrive/Desktop/aero_project/artifacts/step1_raw_20250114_20250115/flights/20250115_4007fb_235939_010900/metadata.json
